{"Source":"InternalBuild","Data":{"System.CollectionId":"ee8504d9-65a6-4f6c-85ed-0ad4265128ee","System.DefinitionId":"2896","System.TeamProjectId":"d0b2f921-6924-4728-b44b-7de7d5175bfb","System.TeamProject":"OSS_Microsoft_OpenSSH","Build.BuildId":"631599","Build.BuildNumber":"Win32-OpenSSH-Signed-Desktop-Package-OneBranch-Official-2510.22001","Build.DefinitionName":"Win32-OpenSSH-Signed-Desktop-Package-OneBranch-Official","Build.DefinitionRevision":"2","Build.Repository.Name":"OSS_Microsoft_OpenSSH_Dev","Build.Repository.Provider":"TfsGit","Build.Repository.Id":"b68dca4d-2be9-4f3b-9a04-435ce7fabcfd","Build.SourceBranch":"refs/heads/git_ps_latestw_all","Build.SourceBranchName":"git_ps_latestw_all","Build.SourceVersion":"da90b800edf30c09b9f9ec620ed508718b2808a7","Build.Repository.Uri":"https://mscodehub.visualstudio.com/OSS_Microsoft_OpenSSH/_git/OSS_Microsoft_OpenSSH_Dev","EbomId":"b9637e4e-e5e5-57fd-9376-33bd2378ec81","1ES.PT.TemplateType":"official"},"Feed":null}